,population_name,chrom,start,end,pi,comparisons,differences,source_idx
0,pop1,chr1,1,1000,0.024515038,147950,3627,0
1,pop1,chr1,1001,2000,0.017419884,180426,3143,0
2,pop1,chr1,2001,3000,0.018453585,177960,3284,0
3,pop1,chr1,3001,4000,0.020236362,184717,3738,0
4,pop1,chr1,4001,5000,0.023853952,175778,4193,0
5,pop1,chr1,5001,6000,0.021140985,181685,3841,0
6,pop1,chr1,6001,7000,0.021814859,173964,3795,0
7,pop1,chr1,7001,8000,0.016947674,183447,3109,0
8,pop1,chr1,8001,9000,0.021257935,182426,3878,0
9,pop1,chr1,9001,10000,0.0194807,144810,2821,0
0,pop1,chr1,1,1000,0.014246924,146207,2083,1
1,pop1,chr1,1001,2000,0.01401136,180996,2536,1
2,pop1,chr1,2001,3000,0.0151401125,179391,2716,1
3,pop1,chr1,3001,4000,0.013999573,187220,2621,1
4,pop1,chr1,4001,5000,0.015202072,176818,2688,1
5,pop1,chr1,5001,6000,0.01502507,180099,2706,1
6,pop1,chr1,6001,7000,0.0145660145,175271,2553,1
7,pop1,chr1,7001,8000,0.01681206,184213,3097,1
8,pop1,chr1,8001,9000,0.012912987,181755,2347,1
9,pop1,chr1,9001,10000,0.011872293,148497,1763,1
0,pop1,chr1,1,1000,0.025225421,146836,3704,2
1,pop1,chr1,1001,2000,0.02346144,182086,4272,2
2,pop1,chr1,2001,3000,0.026722878,177900,4754,2
3,pop1,chr1,3001,4000,0.025152976,187612,4719,2
4,pop1,chr1,4001,5000,0.024659902,177008,4365,2
5,pop1,chr1,5001,6000,0.027564812,179867,4958,2
6,pop1,chr1,6001,7000,0.032024972,172022,5509,2
7,pop1,chr1,7001,8000,0.028626323,186332,5334,2
8,pop1,chr1,8001,9000,0.022357548,183920,4112,2
9,pop1,chr1,9001,10000,0.03089662,146974,4541,2
0,pop1,chr1,1,1000,0.016157547,149899,2422,3
1,pop1,chr1,1001,2000,0.015880842,180532,2867,3
2,pop1,chr1,2001,3000,0.01714592,180976,3103,3
3,pop1,chr1,3001,4000,0.012924811,187701,2426,3
4,pop1,chr1,4001,5000,0.016587637,176517,2928,3
5,pop1,chr1,5001,6000,0.016047247,182025,2921,3
6,pop1,chr1,6001,7000,0.019634996,169697,3332,3
7,pop1,chr1,7001,8000,0.02000884,185518,3712,3
8,pop1,chr1,8001,9000,0.019545319,184085,3598,3
9,pop1,chr1,9001,10000,0.013755538,148522,2043,3
0,pop1,chr1,1,1000,0.048094735,148457,7140,4
1,pop1,chr1,1001,2000,0.047082737,179089,8432,4
2,pop1,chr1,2001,3000,0.055614393,180349,10030,4
3,pop1,chr1,3001,4000,0.040793736,186107,7592,4
4,pop1,chr1,4001,5000,0.05256627,175683,9235,4
5,pop1,chr1,5001,6000,0.051532827,179342,9242,4
6,pop1,chr1,6001,7000,0.06181689,165877,10254,4
7,pop1,chr1,7001,8000,0.052980967,182575,9673,4
8,pop1,chr1,8001,9000,0.047066152,183019,8614,4
9,pop1,chr1,9001,10000,0.05080501,148942,7567,4
0,pop1,chr1,1,1000,0.059205357,150206,8893,5
1,pop1,chr1,1001,2000,0.052469753,179856,9437,5
2,pop1,chr1,2001,3000,0.048858408,179355,8763,5
3,pop1,chr1,3001,4000,0.04816119,185419,8930,5
4,pop1,chr1,4001,5000,0.046441562,185868,8632,5
5,pop1,chr1,5001,6000,0.05472483,174747,9563,5
6,pop1,chr1,6001,7000,0.062182225,165015,10261,5
7,pop1,chr1,7001,8000,0.0448779,184768,8292,5
8,pop1,chr1,8001,9000,0.05142952,180830,9300,5
9,pop1,chr1,9001,10000,0.051848438,145366,7537,5
0,pop1,chr1,1,1000,0.045751374,151908,6950,6
1,pop1,chr1,1001,2000,0.043100026,181276,7813,6
2,pop1,chr1,2001,3000,0.051175166,171763,8790,6
3,pop1,chr1,3001,4000,0.052294046,183998,9622,6
4,pop1,chr1,4001,5000,0.043171603,184033,7945,6
5,pop1,chr1,5001,6000,0.043777104,176622,7732,6
6,pop1,chr1,6001,7000,0.05178336,166231,8608,6
7,pop1,chr1,7001,8000,0.04409432,187235,8256,6
8,pop1,chr1,8001,9000,0.04897251,182143,8920,6
9,pop1,chr1,9001,10000,0.047224525,146047,6897,6
0,pop1,chr1,1,1000,0.03581651,156520,5606,7
1,pop1,chr1,1001,2000,0.03988168,184245,7348,7
2,pop1,chr1,2001,3000,0.04469782,172514,7711,7
3,pop1,chr1,3001,4000,0.034845956,179820,6266,7
4,pop1,chr1,4001,5000,0.040179756,180688,7260,7
5,pop1,chr1,5001,6000,0.043991935,180033,7920,7
6,pop1,chr1,6001,7000,0.04283962,164684,7055,7
7,pop1,chr1,7001,8000,0.034684073,185849,6446,7
8,pop1,chr1,8001,9000,0.038396858,183739,7055,7
9,pop1,chr1,9001,10000,0.034775864,148235,5155,7
0,pop1,chr1,1,1000,0.0390226,155064,6051,8
1,pop1,chr1,1001,2000,0.035029568,181618,6362,8
2,pop1,chr1,2001,3000,0.04136287,172401,7131,8
3,pop1,chr1,3001,4000,0.035820335,175459,6285,8
4,pop1,chr1,4001,5000,0.0393619,171384,6746,8
5,pop1,chr1,5001,6000,0.03510977,182200,6397,8
6,pop1,chr1,6001,7000,0.03892409,166966,6499,8
7,pop1,chr1,7001,8000,0.036378995,185849,6761,8
8,pop1,chr1,8001,9000,0.03269412,178136,5824,8
9,pop1,chr1,9001,10000,0.02894131,149855,4337,8
