,pop,chromosome,window_pos_1,window_pos_2,avg_pi,no_sites,count_diffs,count_comparisons,count_missing,source_idx
0,pop1,chr1,1,1000,0.0226178598154153,844,3627,160360,0,0
1,pop1,chr1,1001,2000,0.0166085394208412,996,3143,189240,0,0
2,pop1,chr1,2001,3000,0.0173710658555937,995,3284,189050,0,0
3,pop1,chr1,3001,4000,0.0197328828591036,997,3738,189430,0,0
4,pop1,chr1,4001,5000,0.0221126463453222,998,4193,189620,0,0
5,pop1,chr1,5001,6000,0.0202360254991833,999,3841,189810,0,0
6,pop1,chr1,6001,7000,0.020033785567228,997,3795,189430,0,0
7,pop1,chr1,7001,8000,0.016379537432169,999,3109,189810,0,0
8,pop1,chr1,8001,9000,0.0204309572730625,999,3878,189810,0,0
9,pop1,chr1,9001,10000,0.0185824385745339,799,2821,151810,0,0
0,pop1,chr1,1,1000,0.0129741513547181,845,2083,160550,0,1
1,pop1,chr1,1001,2000,0.0133607291502028,999,2536,189810,0,1
2,pop1,chr1,2001,3000,0.0142947368421052,1000,2716,190000,0,1
3,pop1,chr1,3001,4000,0.0137947368421052,1000,2621,190000,0,1
4,pop1,chr1,4001,5000,0.0141615299510036,999,2688,189810,0,1
5,pop1,chr1,5001,6000,0.0142421052631578,1000,2706,190000,0,1
6,pop1,chr1,6001,7000,0.0134502923976608,999,2553,189810,0,1
7,pop1,chr1,7001,8000,0.0163163163163163,999,3097,189810,0,1
8,pop1,chr1,8001,9000,0.0123649965755228,999,2347,189810,0,1
9,pop1,chr1,9001,10000,0.0114413654357842,811,1763,154090,0,1
0,pop1,chr1,1,1000,0.0234593704477801,831,3704,157890,0,2
1,pop1,chr1,1001,2000,0.0225067172435593,999,4272,189810,0,2
2,pop1,chr1,2001,3000,0.0250963416565485,997,4754,189430,0,2
3,pop1,chr1,3001,4000,0.0249115768357704,997,4719,189430,0,2
4,pop1,chr1,4001,5000,0.0229736842105263,1000,4365,190000,0,2
5,pop1,chr1,5001,6000,0.026147030903913,998,4958,189620,0,2
6,pop1,chr1,6001,7000,0.0291404390372917,995,5509,189050,0,2
7,pop1,chr1,7001,8000,0.0280736842105263,1000,5334,190000,0,2
8,pop1,chr1,8001,9000,0.02166376903219,999,4112,189810,0,2
9,pop1,chr1,9001,10000,0.0293251533742331,815,4541,154850,0,2
0,pop1,chr1,1,1000,0.0146521476104053,870,2422,165300,0,3
1,pop1,chr1,1001,2000,0.0151045782624729,999,2867,189810,0,3
2,pop1,chr1,2001,3000,0.0163807211107005,997,3103,189430,0,3
3,pop1,chr1,3001,4000,0.0127684210526315,1000,2426,190000,0,3
4,pop1,chr1,4001,5000,0.0154414091340575,998,2928,189620,0,3
5,pop1,chr1,5001,6000,0.0154199440426542,997,2921,189430,0,3
6,pop1,chr1,6001,7000,0.0175719860774179,998,3332,189620,0,3
7,pop1,chr1,7001,8000,0.0195368421052631,1000,3712,190000,0,3
8,pop1,chr1,8001,9000,0.0189557979031663,999,3598,189810,0,3
9,pop1,chr1,9001,10000,0.013128976286871,819,2043,155610,0,3
0,pop1,chr1,1,1000,0.0436964504283965,860,7140,163400,0,4
1,pop1,chr1,1001,2000,0.0445571760727119,996,8432,189240,0,4
2,pop1,chr1,2001,3000,0.0530547474213171,995,10030,189050,0,4
3,pop1,chr1,3001,4000,0.0402801358234295,992,7592,188480,0,4
4,pop1,chr1,4001,5000,0.0488986550884252,994,9235,188860,0,4
5,pop1,chr1,5001,6000,0.0491334396597554,990,9242,188100,0,4
6,pop1,chr1,6001,7000,0.0541851616994292,996,10254,189240,0,4
7,pop1,chr1,7001,8000,0.0512694122011978,993,9673,188670,0,4
8,pop1,chr1,8001,9000,0.0455189177763686,996,8614,189240,0,4
9,pop1,chr1,9001,10000,0.0480994152046783,828,7567,157320,0,4
0,pop1,chr1,1,1000,0.05373738594477,871,8893,165490,0,5
1,pop1,chr1,1001,2000,0.049968230435243,994,9437,188860,0,5
2,pop1,chr1,2001,3000,0.0463528167151547,995,8763,189050,0,5
3,pop1,chr1,3001,4000,0.0472361809045226,995,8930,189050,0,5
4,pop1,chr1,4001,5000,0.0456140350877193,996,8632,189240,0,5
5,pop1,chr1,5001,6000,0.0509428936714255,988,9563,187720,0,5
6,pop1,chr1,6001,7000,0.0544957246800148,991,10261,188290,0,5
7,pop1,chr1,7001,8000,0.0441275078495024,989,8292,187910,0,5
8,pop1,chr1,8001,9000,0.0493421052631578,992,9300,188480,0,5
9,pop1,chr1,9001,10000,0.0495236217885537,801,7537,152190,0,5
0,pop1,chr1,1,1000,0.0419964952565109,871,6950,165490,0,6
1,pop1,chr1,1001,2000,0.0414109291355276,993,7813,188670,0,6
2,pop1,chr1,2001,3000,0.0464489537095751,996,8790,189240,0,6
3,pop1,chr1,3001,4000,0.0510505093378607,992,9622,188480,0,6
4,pop1,chr1,4001,5000,0.041857647120805,999,7945,189810,0,6
5,pop1,chr1,5001,6000,0.0409816080987968,993,7732,188670,0,6
6,pop1,chr1,6001,7000,0.0455787355713226,994,8608,188860,0,6
7,pop1,chr1,7001,8000,0.0437149211055808,994,8256,188860,0,6
8,pop1,chr1,8001,9000,0.0470886343240247,997,8920,189430,0,6
9,pop1,chr1,9001,10000,0.0443765281173594,818,6897,155420,0,6
0,pop1,chr1,1,1000,0.0337203007518797,875,5606,166250,0,7
1,pop1,chr1,1001,2000,0.0387900543736472,997,7348,189430,0,7
2,pop1,chr1,2001,3000,0.0407063295148603,997,7711,189430,0,7
3,pop1,chr1,3001,4000,0.0330781819141635,997,6266,189430,0,7
4,pop1,chr1,4001,5000,0.038441173355925,994,7260,188860,0,7
5,pop1,chr1,5001,6000,0.0418516169942929,996,7920,189240,0,7
6,pop1,chr1,6001,7000,0.0375825697847858,988,7055,187720,0,7
7,pop1,chr1,7001,8000,0.0339943043982702,998,6446,189620,0,7
8,pop1,chr1,8001,9000,0.0372059909292268,998,7055,189620,0,7
9,pop1,chr1,9001,10000,0.0330067870405941,822,5155,156180,0,7
0,pop1,chr1,1,1000,0.036606170598911,870,6051,165300,0,8
1,pop1,chr1,1001,2000,0.0335849654225835,997,6362,189430,0,8
2,pop1,chr1,2001,3000,0.0377201798466014,995,7131,189050,0,8
3,pop1,chr1,3001,4000,0.0332117945466074,996,6285,189240,0,8
4,pop1,chr1,4001,5000,0.0356836815657233,995,6746,189050,0,8
5,pop1,chr1,5001,6000,0.0338036355950116,996,6397,189240,0,8
6,pop1,chr1,6001,7000,0.0342738107794536,998,6499,189620,0,8
7,pop1,chr1,7001,8000,0.0356555215694547,998,6761,189620,0,8
8,pop1,chr1,8001,9000,0.030714059698344,998,5824,189620,0,8
9,pop1,chr1,9001,10000,0.0266351409445433,857,4337,162830,0,8
